코드,날짜,구분,계정과목,적요,거래처,차변,대변,현장명,비고,현장명1,담당,작성자,코드.1,작성일,code1/사업자번호,name,Unnamed: 17
2502293.0,2025-07-01,부채,부가세대급금,복합커뮤선금,무진건설,,2636364.0,복합커뮤니티센터 건립중설비,,복합커뮤티센터 건립중 설비,안희연,영수,,,,,
2502298.0,2025-07-02,자산,부가세대급금,복합커뮤선금,안단테피스,2470000.0,,복합커뮤니티센터 건립중설비,,복합커뮤티센터 건립중 설비,안희연,영수,,,,,
2502301.0,2025-07-02,자산,부가세대급금,안전관리입,도경자재산업,49100.0,,홍릉오배수패키지,,,,,,,,,
2502321.0,2025-07-01,자산,부가세대급금,자재구입,공단종합상사,7200.0,,일산병원세면대,,,,,,,436-01-01791,공단종합상사                            ,
2502324.0,2025-07-01,자산,부가세대급금,자재구입,공단종합상사,3650.0,,일산병원세면대,,,,,,,139-01-73303,믿음상사                                ,
2502333.0,2025-07-01,자산,부가세대급금,주유비,오일캠프주유소,5455.0,,일산병원세면대,,,,,,,467-87-02842,오일캠프주유소                          ,
2502340.0,2025-07-02,자산,부가세대급금,자재구입,쿠팡하이엔티비,3190.0,,본사,,,,,,,113-85-21083,쿠팡/(주)하이엔티비                     ,
2502358.0,2025-07-03,자산,부가세대급금,펌프교채,인천환경공단가좌사업소,,1800000.0,가좌사업소,,,,,,,,,
2502361.0,2025-07-03,자산,부가세대급금,자재구입,조은기업,28182.0,,일산향균보드,,,,,,,,,
2502364.0,2025-07-03,자산,부가세대급금,자재구입,원영인테리어,400000.0,,일산병원수처리실,,,,,,,,,
2502367.0,2025-07-03,자산,부가세대급금,자재구입,원영인테리어,300000.0,,일산병원수처리실,,,,,,,,,
2502370.0,2025-07-03,자산,부가세대급금,빗물막이,집수리사관학교,500000.0,,g밸리체육관,,,,,,,,,
2502375.0,2025-07-04,자산,부가세대급금,자재구입,일등도어,15000.0,,g밸리체육관,,,,,,,,,
2502389.0,2025-07-04,자산,부가세대급금,자재구입,인트로방염,252000.0,,일산향균보드,,,,,,,,,
2502392.0,2025-07-03,자산,부가세대급금,자재구입,살라라2몰,712.0,,g밸리체육관,,,,,,,159-04-02671,살라라2몰,
2502401.0,2025-07-04,자산,부가세대급금,자재구입,스마일보일러,2300.0,,일산향균보드,,,,,,,121-15-95768,스마일보일러                            ,
2502408.0,2025-07-04,자산,부가세대급금,자재구입,선일철물점,1818.0,,일산병원수처리실,,,,,,,128-08-77875,선일철물점                              ,
2502413.0,2025-07-05,자산,부가세대급금,주유비,인천항주유소,4545.0,,일산병원수처리실,,,,,,,121-81-69042,(주)인천항주유소                        ,
2502418.0,2025-07-05,자산,부가세대급금,자재구입,동광배관자재,3918.0,,일산병원수처리실,,,,,,,128-40-10710,동광배관자재                            ,
2502421.0,2025-07-05,자산,부가세대급금,자재구입,선일철물점,2727.0,,일산병원수처리실,,,,,,,128-08-77875,선일철물점                              ,
2502430.0,2025-07-07,자산,부가세대급금,가스비,삼천리,100.0,,본사,,,,,,,,,
2502457.0,2025-07-10,자산,부가세대급금,3층타일공사,국민건강보험공단일산병원,,1288182.0,일산병원 3층화장실,,,,,,,,,
2502468.0,2025-07-07,자산,부가세대급금,폐기물 처리,유원환경,30000.0,,홍릉오배수패키지,,,,,,,,,
2502471.0,2025-07-07,자산,부가세대급금,폐기물 처리,유원환경,30000.0,,본사,,,,,,,,,
2502474.0,2025-07-12,자산,부가세대급금,일산병원변기,스마트설비,100000.0,,일산병원수처리실,,,,,,,,,
2502507.0,2025-07-11,자산,부가세대급금,자재구입,성진철물,509.0,,일산병원수처리실,,,,,,,355-26-01137,성진철물                                ,
2502514.0,2025-07-11,자산,부가세대급금,주유비,케이에이치에너지직영주유소,4545.0,,일산병원수처리실,,,,,,,109-81-35241,케이에이치에너지 (주)직영 북항주유소    ,
2502521.0,2025-07-14,자산,부가세대급금,빗물막이,구로시설관리공단,,859091.0,g밸리체육관,,,,,,,,,
2502526.0,2025-07-14,자산,부가세대급금,복합커뮤선금,무진건설,,6909091.0,복합커뮤니티센터 건립중설비,,복합커뮤티센터 건립중 설비,안희연,,,,,,
2502529.0,2025-07-15,자산,부가세대급금,세면대설치,국민건강보험공단일산병원,,87273.0,일산병원세면대,,,,,,,,,
2502534.0,2025-07-15,자산,부가세대급금,자재구입,안단테피스,4500000.0,,복합커뮤니티센터 건립중설비,,복합커뮤티센터 건립중 설비,안희연,,,,,,
2502537.0,2025-07-16,자산,부가세대급금,홍릉문화복지센터,서울특별시동대문구보건소,,1889727.0,홍릉오배수패키지,,,,,,,,,
2502540.0,2025-07-17,자산,부가세대급금,자재구입,스마트설비,200000.0,,일산병원수처리실,,,,,,,,,
2502543.0,2025-07-17,자산,부가세대급금,자재구입,에이치앤피산업,1631900.0,,홍릉오배수패키지,,,,,,,,,
2502546.0,2025-07-17,자산,부가세대급금,배관 파이이프 외,경인아세아벤드,112626.0,,대원아트빌(잠원동),,대원아트빌 소방공사,안희연,영수,,,,,
2502549.0,2025-07-17,자산,부가세대급금,신성프리미엄 모터 외,신성펌프,1250660.0,,대원아트빌(잠원동),,대원아트빌 소방공사,안희연,영수,,,,,
2502566.0,2025-07-18,자산,부가세대급금,도료,일산도료                                ,909.0,0.0,일산향균보드,,,,,,,128-18-93122,일산도료                                ,
2502587.0,2025-07-15,자산,부가세대급금,폐기물,(주)강서공영                            ,3000.0,0.0,이스라엘대사관,,,,,,,109-86-15667,(주)강서공영                            ,
2502590.0,2025-07-15,자산,부가세대급금,폐기물,(주)강서공영                            ,5000.0,0.0,이스라엘대사관,,,,,,,109-86-15667,(주)강서공영                            ,
2502595.0,2025-07-15,자산,부가세대급금,폐기물,(주)강서공영                            ,5000.0,0.0,이스라엘대사관,,,,,,,109-86-15667,(주)강서공영                            ,
2502598.0,2025-07-15,자산,부가세대급금,주유,(주)남경주유소                          ,4545.0,0.0,이스라엘대사관,,,,,,,475-87-00409,(주)남경주유소                          ,
2502605.0,2025-07-14,자산,부가세대급금,재료,주식회사 철물박사                       ,6700.0,0.0,일산향균보드,,,,,,,131-86-50069,주식회사 철물박사                       ,
2502630.0,2025-07-12,자산,부가세대급금,주유,정진주유소                              ,463.0,0.0,일산병원수처리실,,,,,,,613-25-61918,정진주유소                              ,
2502635.0,2025-07-18,자산,부가세대급금,화장실 칸막이,우리큐비클,70000.0,,일산향균보드,,,,,,,,,
2502644.0,2025-07-17,자산,부가세대급금,팩스,포스텔링크,490.0,,본사,,,,,,,,,
2502647.0,2025-07-19,자산,부가세대급금,자재구입,리페어맨,215000.0,,일산향균보드,,,,,,,,,
2502650.0,2025-07-19,자산,부가세대급금,주유비,태평석유직영동성주유소,4545.0,,일산향균보드,,,,,,,121-85-35986,(주)태평석유직영동성주유소              ,
2502669.0,2025-07-20,자산,부가세대급금,폐기물처리,(주)강서공영                            ,5000.0,0.0,일산향균보드,,,,,,,109-86-15667,(주)강서공영                            ,
2502682.0,2025-07-21,자산,부가세대급금,잡자재,한일건축자재                            ,1000.0,0.0,이스라엘대사관,,기타,,,106-39-38537,,106-39-38537,한일건축자재                            ,
2502685.0,2025-07-21,자산,부가세대급금,??,한일건축자재                            ,11500.0,0.0,이스라엘대사관,,기타,,,106-39-38537,,106-39-38537,한일건축자재                            ,
2502688.0,2025-07-22,자산,부가세대급금,주유,삼신주유소                              ,4545.0,0.0,일산병원1층 배관,,,,,614-03-92784,,614-03-92784,삼신주유소                              ,
2502707.0,2025-07-23,자산,부가세대급금,PVC 배관재료,진영P.V.C총판                           ,26500.0,0.0,일산병원1층 배관,,,,,503-06-28310,,503-06-28310,진영P.V.C총판                           ,
2502709.0,2025-07-24,부채,부가세대급금,2/4분기 부가세납부,인천세무서,8259920.0,,본사,,,,,,,,,
2502712.0,2025-07-26,자산,부가세대급금,PVC 배관재료,원영인테리어,500000.0,0.0,일산병원1층 배관,,,,,,,,,
2502721.0,2025-07-27,자산,부가세대급금,자재구입,리페어맨,100000.0,,일산병원1층 배관,,,,,5584-2040-0414-7774,,,,
2502724.0,2025-07-27,자산,부가세대급금,PVC 배관재료,원영인테리어,200000.0,0.0,50플러스 샤워장타일,,,,,,,,,
2502726.0,2025-07-25,자산,부가세대급금,7월 인터넷,케이티,2405.0,,본사,,,,,5584-2040-0414-7774,,,,
2502731.0,2025-07-25,자산,부가세대급금,7월 인터넷전화,케이티,1002.0,,본사,,,,,,,,,
2502738.0,2025-07-27,자산,부가세대급금,자재,주식회사 철물박사                       ,2546.0,0.0,일산병원1층 배관,,,,,,,,,
2502743.0,2025-07-26,자산,부가세대급금,자재,성진철물                                ,272.0,0.0,50플러스 샤워장타일,,,,,5584-2040-0414-7774,,,,
2502770.0,2025-07-25,자산,부가세대급금,주유,티에이치에너지(주)경인터미널            ,4545.0,0.0,50플러스 샤워장타일,,,,,,,,,
2502777.0,2025-07-28,자산,부가세대급금,자재구입,서울철강샤링,17000.0,,일산병원 가벽,,,,,,,,,
2502782.0,2025-07-29,자산,부가세대급금,실내건축,준에코,,20000.0,본사,,,,,,,,,
2502785.0,2025-07-30,자산,부가세대급금,자재구입,삼오종합소방공사,473758.0,,대원아트빌(잠원동),,대원아트빌 소방공사,안희연,,,,,,
2502788.0,2025-07-30,자산,부가세대급금,자재구입,경인아시아밴드,88077.0,,대원아트빌(잠원동),,대원아트빌 소방공사,안희연,,,,,,
2502791.0,2025-07-31,자산,부가세대급금,오배수페키지,에이치엔피산업,1556900.0,,더벨리아파트,,,박세환,,,,,,
2502799.0,2025-07-30,자산,부가세대급금,기장료,청명,15000.0,,본사,,,,,,,,,
2502802.0,2025-07-31,자산,부가세대급금,실리콘작업,스타메디,,20000.0,일산향균보드,,,,,,,,,
2502805.0,2025-07-31,자산,부가세대급금,원무부화장실배관,국민건강보험공단일산병원,,833000.0,일산병원1층 배관,,,,,,,,,
2502808.0,2025-07-31,자산,부가세대급금,대원아트빌,대원아트빌,,2000000.0,대원아트빌(잠원동),,대원아트빌 소방공사,안희연,,,,,,
2502811.0,2025-07-31,자산,부가세대급금,자재구입,안단테피에스,1000000.0,,복합커뮤니티센터 건립중설비,,복합커뮤티센터 건립중 설비,안희연,,,,,,
2502816.0,2025-07-25,자산,부가세대급금,주유비,티에이치에너지(주)경인터미널            ,4545.0,,일산병원1층 배관,,,,,,,566-85-02956,티에이치에너지(주)경인터미널            ,
2502819.0,2025-07-26,자산,부가세대급금,자재구입,선일철물점                              ,2181.0,,일산병원1층 배관,,,,,,,128-08-77875,선일철물점                              ,
2502822.0,2025-07-26,자산,부가세대급금,자재구입,선일철물점                              ,272.0,,일산병원1층 배관,,,,,,,355-26-01137,성진철물                                ,
2502828.0,2025-07-27,자산,부가세대급금,자재구입,철물박사,2546.0,,50플러스 샤워장타일,,,,,,,131-86-50069,주식회사 철물박사                       ,
2502839.0,2025-07-31,자산,부가세대급금,1월 전기,한국전력공사,5684.0,,본사,,,,,,,,,
2502852.0,2025-08-02,자산,부가세대급금,페인트,제일도료                                ,1800.0,0.0,일산병원1층 배관,,,,,121-04-99002,45873.0,121-04-99002,제일도료                                ,
2502857.0,2025-08-01,자산,부가세대급금,주유,오일캠프주유소                          ,4545.0,0.0,본사,,,,,467-87-02842,45873.0,467-87-02842,오일캠프주유소                          ,
2502860.0,2025-08-04,자산,부가세대급금,3층배관,원영인테리어,60000.0,,일산향균보드,,,,,,,,,
2502870.0,2025-08-05,자산,부가세대급금,자재구입,샤인디자인,36000.0,,50플러스샤워장커튼,,,,,,,,,
2502873.0,2025-08-07,자산,부가세대급금,타일공사,구로구청,,289200.0,50플러스 샤워장타일,,,,,,,,,
2502887.0,2025-08-08,자산,부가세대급금,자재구입,국제펌프상사,640000.0,,대원아트빌(잠원동),,대원아트빌 소방공사,안희연,,,,,,
2502890.0,2025-08-08,자산,부가세대급금,재환센터,일산병원,,1054545.0,일산병원수처리실,,,,,,,,,
2502907.0,2025-08-09,자산,부가세대급금,주유,오일캠프주유소                          ,4545.0,0.0,50플러스샤워장커튼,,,,,,,467-87-02842,오일캠프주유소                          ,
2502910.0,2025-08-08,자산,부가세대급금,주유,새천년주유소                            ,4545.0,0.0,일산병원 신장투석실,,,,,,,121-04-48110,새천년주유소                            ,
2502930.0,2025-08-12,자산,부가세대급금,자재구입거울,은성건업,35000.0,,일산병원 신장투석실,,,,,,,,,
2502935.0,2025-08-11,자산,부가세대급금,자재구입거울,리페어맨,67000.0,,일산병원 신장투석실,,,,,,,,,
2502945.0,2025-08-14,자산,부가세대급금,커튼설치,서울특별시구로구청,,72727.0,50플러스샤워장커튼,,,,,,,,,
2502958.0,2025-08-18,자산,부가세대급금,자재구입,서울철강샤링,47000.0,,일산병원 비가림막,,,,,,,,,
2502973.0,2025-08-12,자산,부가세대급금,주유,케이에이치에너지 (주)직영 북항주유소    ,4545.0,0.0,일산병원 비가림막,,,,,109-81-35241,,109-81-35241,케이에이치에너지 (주)직영 북항주유소    ,
2502976.0,2025-08-12,자산,부가세대급금,주유,(주)인천항주유소                        ,4545.0,0.0,50플러스샤워장커튼,,,,,121-81-69042,,121-81-69042,(주)인천항주유소                        ,
2502983.0,2025-08-14,자산,부가세대급금,포토 수리,주식회사 동인천서비스                   ,15263.0,0.0,본사,,,,,131-81-43068,,131-81-43068,주식회사 동인천서비스                   ,
2502988.0,2025-08-17,자산,부가세대급금,소모공구,건평공구                                ,1745.0,0.0,일산병원 비가림막,,,,,110-06-05624,,110-06-05624,건평공구                                ,
2502993.0,2025-08-17,자산,부가세대급금,주유,SK에너지주식회사해바라기주유소          ,4545.0,0.0,본사,,,,,101-86-60120,,101-86-60120,SK에너지주식회사해바라기주유소          ,
2502998.0,2025-08-19,자산,부가세대급금,팩스,포스텔링크,490.0,,본사,,,,,,,,,
2503001.0,2025-08-18,자산,부가세대급금,철물,경기종합철물                            ,900.0,0.0,전동경로당 누수,,,,,121-05-41322,,121-05-41322,경기종합철물                            ,
2503004.0,2025-08-18,자산,부가세대급금,포릴카보네이트,주식회사 제이앤피플,10909.0,,전동경로당 누수,,,,,112-86-02417,,524-86-01528,네이버파이낸셜(주)                      ,
2503017.0,2025-08-20,자산,부가세대급금,소모재료비,동광배관자재                            ,500.0,0.0,일산병원 비가림막,,,,,128-40-10710,,128-40-10710,동광배관자재                            ,
2503022.0,2025-08-20,자산,부가세대급금,페인트,칼라팩토리                              ,3650.0,0.0,일산병원12호실 천장,,,,,554-16-01701,,554-16-01701,칼라팩토리                              ,
2503025.0,2025-08-20,자산,부가세대급금,소모공구비,선일종합공구                            ,1363.0,0.0,일산병원12호실 천장,,,,,690-15-02367,,690-15-02367,선일종합공구                            ,
2503032.0,2025-08-22,자산,부가세대급금,자재구입,원영인테리어,350000.0,,일산병원12호실 천장,,,,,,,,,
2503035.0,2025-08-22,자산,부가세대급금,91병동간호사실,일산병원,,1214181.0,일산병원세면대,,,,,,,,,
2503052.0,2025-08-21,자산,부가세대급금,소모재료비,신성파이프(주)                          ,2420.0,0.0,전동경로당 누수,,,,,121-81-45642,,121-81-45642,신성파이프(주)                          ,
2503055.0,2025-08-21,자산,부가세대급금,소모재료비,제일볼트앤로프(주)                      ,750.0,0.0,전동경로당 누수,,,,,131-81-43466,,131-81-43466,제일볼트앤로프(주)                      ,
2503058.0,2025-08-21,자산,부가세대급금,소모재료비,제일철물상사                            ,655.0,0.0,전동경로당 누수,,,,,131-02-69234,,131-02-69234,제일철물상사                            ,
2503061.0,2025-08-21,자산,부가세대급금,소모재료비,제일철물상사                            ,455.0,0.0,전동경로당 누수,,,,,131-02-69234,,131-02-69234,제일철물상사                            ,
2503064.0,2025-08-21,자산,부가세대급금,소모재료비,제일볼트앤로프(주)                      ,500.0,0.0,전동경로당 누수,,,,,131-81-43466,,131-81-43466,제일볼트앤로프(주)                      ,
2503069.0,2025-08-21,자산,부가세대급금,소모재료비,스마일보일러                            ,730.0,0.0,전동경로당 누수,,,,,121-15-95768,,121-15-95768,스마일보일러                            ,
2503078.0,2025-08-23,자산,부가세대급금,주유,(주)가정셀프주유소                      ,4545.0,0.0,일산병원12호실 천장,,,,,878-87-00627,,878-87-00627,(주)가정셀프주유소                      ,
2503087.0,2025-08-25,자산,부가세대급금,주유,삼신주유소                              ,4545.0,0.0,본사,,,,,614-03-92784,,614-03-92784,삼신주유소                              ,
2503090.0,2025-08-26,부채,부가세예수금,가좌사업소 관리동 누수 보수공사,인천환경공단가좌사업소,,897000.0,가좌사업소 관리동 누수 보수공사,,,김중석,,	137-82-05360,,	137-82-05360,,
2503097.0,2025-08-26,자산,부가세대급금,소모품(발송상자),리더스코스메틱 상자사업부               ,72.0,0.0,본사,,,,,134-81-12735,,134-81-12735,리더스코스메틱 상자사업부               ,
2503100.0,2025-08-25,자산,부가세대급금,실내건축,부흥건설도장,,50000.0,일산병원12호실 천장(부분작업),,,,,,,,,
2503106.0,2025-08-27,자산,부가세대급금,8월 인터넷,케이티,2405.0,,본사,,,,,,,,,
2503111.0,2025-08-27,자산,부가세대급금,8월 인터넷전화,케이티,970.0,,본사,,,,,,,,,
2503115.0,2025-08-26,자산,부가세대급금,경로당 누수,동인천행정복지센터,,245000.0,전동경로당 누수,,,,,,,,,
2503121.0,2025-08-26,자산,부가세대급금,천정돔,대광타일,20000.0,,일산병원12호실 천장(부분작업),,,,,,,837-03-02100,대광타일,
2503124.0,2025-08-25,부채,부가세예수금,원내 시설물 마감재 보수공사,국민건강보험공단일산병원,,1205636.0,원내 시설물 마감재 보수공사,,,,,,,128-82-06481,국민건강보험공단일산병원,
2503127.0,2025-08-26,부채,부가세예수금,원내 시설물 마감재 보수공사,국민건강보험공단일산병원,,258000.0,131병동 6호 화장실 배관보수,,,,,,,128-82-06481,국민건강보험공단일산병원,
2503132.0,2025-08-28,자산,부가세예수금,카드결제기 충전기,수성정보통신,2000.0,,본사,,,,,,,,,
2503135.0,2025-08-29,자산,부가세대급금,1월 기장수수료,청명,15000.0,,본사,,,,,,,,,
2503138.0,2025-08-30,자산,부가세대급금,외주비,이레엔지니어링,820700.0,,가좌사업소 관리동 누수 보수공사,,,,,,,,,
2503155.0,2025-08-31,자산,부가세대급금,주유,주식회사 강서오일                       ,4545.0,0.0,3보급단간부피복반휴게실조성,,,,,,,108-81-91255,주식회사 강서오일                       ,
,2025-09-02,자산,부가세대급금,주유,한국3주유소                             ,4545.0,0.0,본사,,,,,,,258-01-00440,한국3주유소                             ,
,2025-09-03,자산,부가세대급금,도배,공간 도배,53000.0,0.0,유림노르웨이 도배 마감 2실,,,,,,,,,
,2025-09-03,자산,부가세대급금,안전용품,도경자재산업(주),104600.0,0.0,3보급단간부피복반휴게실조성,,,,,,,,,
,2025-09-04,자산,부가세대급금,SGP 간막이 판,（주）신한칸막이,241818.0,0.0,3보급단간부피복반휴게실조성,,,,,,,,,
,2025-09-04,자산,부가세대급금,SGP 간막이 판,（주）신한칸막이,111818.0,0.0,3보급단간부피복반휴게실조성,,,,,,,,,
,2025-09-04,자산,부가세대급금,마대자루외,오세요철물                              ,3000.0,0.0,3보급단간부피복반휴게실조성,,,,,,,122-16-79695,오세요철물                              ,
,2025-09-04,부채,부가세예수금,유림노르웨이 도배마감,미진시스템,,80000.0,유림노르웨이 도배 마감 2실,,,,,,,834-01-00453,미진시스템,
,2025-09-04,자산,부가세대급금,부평3보급단 공사 자재비,리페어맨,160000.0,,3보급단간부피복반휴게실조성,,,,,,,156-21-01670,리페어맨,
,2025-09-05,자산,부가세대급금,소모재료비,유성전업                                ,890.0,0.0,신장센터 14번베드 마감보수,,,,,,,121-16-64296,유성전업                                ,
,2025-09-05,자산,부가세대급금,공구,유림종합공구                            ,300.0,0.0,신장센터 14번베드 마감보수,,,,,,,131-05-25014,유림종합공구                            ,
,2025-08-21,자산,부가세대급금,"7,8월 전기사용료 9477",한국전력공사,303.0,,본사,,,,,,,,,
,2025-08-21,자산,부가세대급금,8월 전기사용료 9486,한국전력공사,3152.0,,본사,,,,,,,,,
,2025-08-21,자산,부가세대급금,8월 전기사용료 9495,한국전력공사,3535.0,,본사,,,,,,,,,
,2025-09-08,자산,부가세대급금,절곡샤링및 자재,서울철강샤링,9000.0,,3보급단간부피복반휴게실조성,,,,,,,107-01-35393,,
,2025-08-28,부채,부가세예수금,트라이보울 시설물 안전 개선 공사,인천광역시경제자유구역청,,890909.0,트라이보울시설물안전개선,,,주영곤,영수,,,,,
,2025-09-09,자산,부가세대급금,공사대,성현건축,814900.0,,트라이보울시설물안전개선,,,주영곤,영수,,,,201-00-7483-588 수협,
,2025-09-08,자산,부가세대급금,소모재료비,오세요철물                              ,700.0,0.0,3보급단간부피복반휴게실조성,,,,,,,122-16-79695,오세요철물                              ,
,2025-09-08,자산,부가세대급금,파이프,신성파이프(주)                          ,16100.0,0.0,3보급단간부피복반휴게실조성,,,,,,,121-81-45642,신성파이프(주)                          ,
,2025-09-08,자산,부가세대급금,소모재료비,제일철물상사                            ,2545.0,0.0,3보급단간부피복반휴게실조성,,,,,,,131-02-69234,제일철물상사                            ,
,2025-09-08,자산,부가세대급금,주유,삼신주유소                              ,4545.0,0.0,3보급단간부피복반휴게실조성,,,,,,,614-03-92784,삼신주유소                              ,
,2025-09-09,자산,부가세대급금,우레탄폼,일신판넬총판,214600.0,,3보급단간부피복반휴게실조성,,,,,,,,,
,2025-09-05,자산,부가세대급금,아연각파이프,(주)국제파이프,35200.0,,3보급단간부피복반휴게실조성,,,,,,,139-81-26156,(주)국제파이프,
,2025-09-09,자산,부가세대급금,소모재료비,오세요철물                              ,4900.0,0.0,3보급단간부피복반휴게실조성,,,,,,,122-16-79695,오세요철물                              ,
,2025-09-10,자산,부가세대급금,주유,티에이치에너지(주)경인터미널            ,4545.0,0.0,3보급단간부피복반휴게실조성,,,,,,,566-85-02956,티에이치에너지(주)경인터미널            ,
,2025-09-11,자산,부가세대급금,마이텍스외,성진건재산업,212500.0,,3보급단간부피복반휴게실조성,,,,,,,122-10-48598,성진건재산업,
,2025-09-12,자산,부가세대급금,자재구입,일신판넬총판,61400.0,,3보급단간부피복반휴게실조성,,,,,,,,,
,2025-09-12,자산,부가세대급금,주유,티에이치에너지(주)경인터미널            ,4545.0,0.0,3보급단간부피복반휴게실조성,,,,,,,566-85-02956,티에이치에너지(주)경인터미널            ,
,2025-09-16,자산,부가세대급금,자재구입,리페어맨,225000.0,,3보급단간부피복반휴게실조성,,,,,,,,,
,2025-09-12,자산,부가세대급금,솔찬공원,인천광역시경제자유구역청,,1040000.0,솔찬공원공중화장실,,,김원석,,,,,,
,2025-09-15,자산,부가세대급금,50-런너,일신판넬총판                            ,4500.0,0.0,3보급단간부피복반휴게실조성,,,,,,,122-10-27856,일신판넬총판                            ,
,2025-09-15,자산,부가세대급금,레유셔,성원상사                                ,8040.0,0.0,여단포진지천정누기계,,,,,,,139-04-66123,성원상사                                ,
,2025-09-15,자산,부가세대급금,절연행거외,(주)경인아세아밴드                      ,3211.0,0.0,여단포진지천정누기계,,,,,,,131-81-10378,(주)경인아세아밴드                      ,
,2025-09-15,자산,부가세대급금,보온재외,현대종합단열                            ,7870.0,0.0,여단포진지천정누기계,,,,,,,401-27-00568,현대종합단열                            ,
,2025-09-15,자산,부가세대급금,배터리,율목DC마트                              ,627.0,0.0,본사,,,,,,,231-07-00506,율목DC마트                              ,
,2025-09-13,부채,부가세예수금,일산병원 천정보수,주식회사에이엠이,,50000.0,일산병원 천정보수,,,,,,,,,
,2025-09-15,자산,부가세대급금,솔찬공원,푸른씨엔아이,950000.0,,솔찬공원공중화장실,,,,,,,,,
,2025-09-17,자산,부가세대급금,자재구입,필꼼s,9600.0,,일산병원원내누수,,,,,,,,,
,2025-09-16,자산,부가세대급금,주유,티에이치에너지(주)경인터미널            ,4545.0,0.0,여단포진지천정누기계,,,,,,,566-85-02956,티에이치에너지(주)경인터미널            ,
,2025-09-16,자산,부가세대급금,배관부속,(주)경인아세아밴드                      ,618.0,0.0,여단포진지천정누기계,,,,,,,131-81-10378,(주)경인아세아밴드                      ,
,2025-09-16,자산,부가세대급금,배관부속,성원상사                                ,2960.0,0.0,여단포진지천정누기계,,,,,,,139-04-66123,성원상사                                ,
,2025-09-16,자산,부가세대급금,배관부속,(주)경인아세아밴드                      ,2827.0,0.0,여단포진지천정누기계,,,,,,,131-81-10378,(주)경인아세아밴드                      ,
,2025-09-16,자산,부가세대급금,배관부속,상신종합공구                            ,6000.0,0.0,여단포진지천정누기계,,,,,,,544-15-00751,상신종합공구                            ,
,2025-09-16,자산,부가세대급금,경량부속,주식회사 신원건영                       ,1014.0,0.0,3보급단간부피복반휴게실조성,,,,,,,121-86-35979,주식회사 신원건영                       ,
,2025-09-16,자산,부가세대급금,배관부속,성원상사                                ,15040.0,0.0,여단포진지천정누기계,,,,,,,139-04-66123,성원상사                                ,
,2025-09-16,자산,부가세대급금,배관부속,오성에어테크                            ,22800.0,0.0,여단포진지천정누기계,,,,,,,121-08-40402,오성에어테크                            ,
,2025-09-16,자산,부가세대급금,배관부속,(주)경인아세아밴드                      ,639.0,0.0,여단포진지천정누기계,,,,,,,131-81-10378,(주)경인아세아밴드                      ,
,2025-09-16,자산,부가세대급금,배관부속,성원상사                                ,4300.0,0.0,여단포진지천정누기계,,,,,,,139-04-66123,성원상사                                ,
,2025-09-16,자산,부가세대급금,경량부속,주식회사 신원건영                       ,4800.0,0.0,3보급단간부피복반휴게실조성,,,,,,,121-86-35979,주식회사 신원건영                       ,
,2025-09-16,자산,부가세대급금,배관부속,경인배관자재                            ,14300.0,0.0,여단포진지천정누기계,,,,,,,121-12-43973,경인배관자재                            ,
,2025-09-16,자산,부가세대급금,보온재외,현대종합단열                            ,1170.0,0.0,여단포진지천정누기계,,,,,,,401-27-00568,현대종합단열                            ,
,2025-09-18,자산,부가세대급금,배관외주비,스마트설비,250000.0,,여단포진지천정누기계,,,,,,,,,
,2025-09-17,자산,부가세대급금,팩스,포스텔링크,490.0,,본사,,,,,,,,,
,2025-09-17,자산,부가세대급금,주유,에이치디현대오일뱅크(주)직영 북인천IC셀,4545.0,0.0,여단포진지천정누기계,,,,,,,496-85-02133,에이치디현대오일뱅크(주)직영 북인천IC셀,
,2025-09-19,자산,부가세대급금,자재구입,리페어맨,45000.0,,3보급단간부피복반휴게실조성,,,,,,,,,
,2025-09-18,자산,부가세대급금,판넬부속,일신판넬총판                            ,1500.0,0.0,3보급단간부피복반휴게실조성,,,,,,,122-10-27856,일신판넬총판                            ,
,2025-09-18,자산,부가세대급금,실리콘외,주식회사153신성                         ,600.0,0.0,3보급단간부피복반휴게실조성,,,,,,,121-81-96893,주식회사153신성                         ,
,2025-09-19,자산,부가세대급금,바닥재,디에스하우징,223350.0,,3보급단간부피복반휴게실조성,,,,,,,,,
,2025-09-20,자산,부가세대급금,배관교체,스마트설비,100000.0,,일산병원71병동 의국화장실,,,,,,,,,
,2025-09-19,자산,부가세대급금,공구비,상신종합공구                            ,3000.0,0.0,3보급단간부피복반휴게실조성,,,,,,,544-15-00751,상신종합공구                            ,
,2025-09-19,자산,부가세대급금,배관부속,(주)대도종합상사                        ,920.0,0.0,여단포진지천정누기계,,,,,,,416-88-01255,(주)대도종합상사                        ,
,2025-09-19,자산,부가세대급금,주유,(주)석산에너지 태양주유소               ,4545.0,0.0,여단포진지천정누기계,,,,,,,451-85-01183,(주)석산에너지 태양주유소               ,
,2025-09-21,자산,부가세대급금,주유,새천년주유소                            ,4545.0,0.0,본사,,,,,,,121-04-48110,새천년주유소                            ,
,2025-09-22,자산,부가세대급금,FRP탱크교체공사외(선급금),인천FRP산업,200000.0,,공단본부 노후 물탱크 교체,,,,,,,,,
,2025-09-22,자산,부가세대급금,폐기물 처리,유원환경,295000.0,,3보급단간부피복반휴게실조성,,,,,,,,,
,2025-09-23,자산,부가세대급금,프린터 토너,잉크메이드,2800.0,,본사,,,,,,,524-86-01528,잉크메이드,
,2025-09-23,자산,부가세대급금,공구함,쿠팡(주)/(주)하이엔티비                 ,11641.0,0.0,3보급단간부피복반휴게실조성,,,,,,,116-81-19948,쿠팡(주)/(주)하이엔티비                 ,
,2025-09-24,자산,부가세대급금,경유주유,유한책임회사 시흥에너지배곧주유소       ,4545.0,0.0,본사,,,,,,,602-86-00421,유한책임회사 시흥에너지배곧주유소       ,
,2025-09-25,자산,부가세대급금,배관부속,(주)대도종합상사                        ,441.0,0.0,가)71병동의국화장실누수,,,,,,,416-88-01255,(주)대도종합상사                        ,
,2025-09-16,부채,부가세예수금,신장센터 14번베드 마감보수,국민건강보험공단일산병원,,172000.0,,,,,,,,128-82-06481	,,
,2025-09-22,부채,부가세예수금,71병동 의국 천장 배관 보수	,국민건강보험공단일산병원,,150000.0,,,,,,,,128-82-06481	,,
,2025-09-26,자산,부가세대급금,샌드위치 패널,이신판넬총판,37340.0,,송림체육관 보조경기장 환경개선공사                ,,,,,,,,,
,2025-09-26,자산,부가세대급금,현수막,디자인라온,7200.0,,송림체육관 보조경기장 환경개선공사                ,,,,,,,,,
,2025-09-26,자산,부가세대급금,안전용품외,도경자재산업,110200.0,,송림체육관 보조경기장 환경개선공사                ,,,,,,,,,
,2025-09-26,자산,부가세대급금,A4용지,주식회사정우엠알오,4690.0,,본사,,,,,,,129-86-23860,주식회사정우엠알오,
,2025-09-26,자산,부가세대급금,운반박스,이니시스/(주)뉴플라스틱                 ,11600.0,,송림체육관 보조경기장 환경개선공사                ,,,,,,,146-87-00802,(주)뉴플라스틱      ,
,2025-09-26,자산,부가세대급금,주유,삼신주유소                              ,4545.0,0.0,송림체육관 보조경기장 환경개선공사                ,,,,,,,614-03-92784,삼신주유소                              ,
,2025-09-27,자산,부가세대급금,egi 가설휀스,주호산업 주식회사,290000.0,,송림체육관 보조경기장 환경개선공사                ,,,,,,,140-81-34490,주호산업 주식회사,
,2025-09-29,자산,부가세대급금,컨테이너임대,매노 컨테이너,160000.0,,송림체육관 보조경기장 환경개선공사                ,,,,,,,158-32-00881,매노 컨테이너,
,2025-09-30,자산,부가세대급금,분진집진기,(주)크린이엔지,41000.0,,송림체육관 보조경기장 환경개선공사                ,,,,,,,397-87-01087,(주)크린이엔지,
,2025-09-29,자산,부가세대급금,주유,(주)오일네트워크 인천항훼미리           ,4545.0,0.0,송림체육관 보조경기장 환경개선공사                ,,,,,,,882-85-00414,(주)오일네트워크 인천항훼미리           ,
,2025-09-30,자산,부가세대급금,9월 전기사용료,한국전력공사,6260.0,,본사,,,,,,,,,
,2025-09-30,자산,부가세대급금,스카시,디자인라온,4800.0,,송림체육관 보조경기장 환경개선공사                ,,,,,,,,,
,2025-09-30,자산,부가세대급금,지게차,신양건기,10000.0,,송림체육관 보조경기장 환경개선공사                ,,,,,,,,,
,2025-09-30,자산,부가세대급금,운반박스,이니시스/(주)뉴플라스틱                 ,11600.0,,송림체육관 보조경기장 환경개선공사                ,,,,,,,220-81-55597,이니시스/(주)뉴플라스틱                 ,
,2025-09-30,자산,부가세대급금,주유,한밭산업(주)청라주유소1                 ,4545.0,0.0,송림체육관 보조경기장 환경개선공사                ,,,,,,,137-85-35133,한밭산업(주)청라주유소1                 ,
